Workbook

Sheet Data
A1: Predation experiment — replicate data
A2: Start date: 24/09/2026 | End date: 25/09/2026 | Observed consumption = initial prey − final prey
A4: Treatment | B4: Sample | C4: Start date | D4: Start time | E4: Initial prey | F4: End date | G4: End time | H4: Final prey | I4: Observed consumption | J4: Duration (h) | K4: 24-h estimate
A5: S | B5: S1 | C5: 46289 | D5: 0.66666667 | E5: 40 | F5: 46290 | G5: 0.68888889 | H5: 6 | I5: =E5-H5 -> 34 | J5: =((F5+G5)-(C5+D5))*24 -> 24.533333 | K5: =I5*24/J5 -> 33.26087
A6: S | B6: S2 | C6: 46289 | D6: 0.66944444 | E6: 52 | F6: 46290 | G6: 0.69722222 | H6: 11 | I6: =E6-H6 -> 41 | J6: =((F6+G6)-(C6+D6))*24 -> 24.666667 | K6: =I6*24/J6 -> 39.891892
A7: S | B7: S3 | C7: 46289 | D7: 0.67361111 | E7: 52 | F7: 46290 | G7: 0.70902778 | H7: 33 | I7: =E7-H7 -> 19 | J7: =((F7+G7)-(C7+D7))*24 -> 24.85 | K7: =I7*24/J7 -> 18.350101
A8: S | B8: S4 | C8: 46289 | D8: 0.67847222 | E8: 54 | F8: 46290 | G8: 0.71597222 | H8: 32 | I8: =E8-H8 -> 22 | J8: =((F8+G8)-(C8+D8))*24 -> 24.9 | K8: =I8*24/J8 -> 21.204819
A9: M | B9: M1 | C9: 46289 | D9: 0.6875 | E9: 50 | F9: 46290 | G9: 0.72222222 | H9: 31 | I9: =E9-H9 -> 19 | J9: =((F9+G9)-(C9+D9))*24 -> 24.833333 | K9: =I9*24/J9 -> 18.362416
A10: M | B10: M2 | C10: 46289 | D10: 0.68958333 | E10: 50 | F10: 46290 | G10: 0.73472222 | H10: 3 | I10: =E10-H10 -> 47 | J10: =((F10+G10)-(C10+D10))*24 -> 25.083333 | K10: =I10*24/J10 -> 44.9701
A11: M | B11: M3 | C11: 46289 | D11: 0.69236111 | E11: 55 | F11: 46290 | G11: 0.73472222 | H11: 32 | I11: =E11-H11 -> 23 | J11: =((F11+G11)-(C11+D11))*24 -> 25.016667 | K11: =I11*24/J11 -> 22.06529
A12: M | B12: M4 | C12: 46289 | D12: 0.69583333 | E12: 51 | F12: 46290 | G12: 0.73472222 | H12: 22 | I12: =E12-H12 -> 29 | J12: =((F12+G12)-(C12+D12))*24 -> 24.933333 | K12: =I12*24/J12 -> 27.914439
A13: L | B13: L1 | C13: 46289 | D13: 0.70069444 | E13: 51 | F13: 46290 | G13: 0.73472222 | H13: 5 | I13: =E13-H13 -> 46 | J13: =((F13+G13)-(C13+D13))*24 -> 24.816667 | K13: =I13*24/J13 -> 44.486232
A14: L | B14: L2 | C14: 46289 | D14: 0.70138889 | E14: 53 | F14: 46290 | G14: 0.73472222 | H14: 17 | I14: =E14-H14 -> 36 | J14: =((F14+G14)-(C14+D14))*24 -> 24.8 | K14: =I14*24/J14 -> 34.83871
A15: L | B15: L3 | C15: 46289 | D15: 0.70486111 | E15: 52 | F15: 46290 | G15: 0.73611111 | H15: 1 | I15: =E15-H15 -> 51 | J15: =((F15+G15)-(C15+D15))*24 -> 24.75 | K15: =I15*24/J15 -> 49.454545
A16: L | B16: L4 | C16: 46289 | D16: 0.70833333 | E16: 54 | F16: 46290 | G16: 0.73472222 | H16: 3 | I16: =E16-H16 -> 51 | J16: =((F16+G16)-(C16+D16))*24 -> 24.633333 | K16: =I16*24/J16 -> 49.688769
A18: Adjustment: actual duration was calculated from the start and end date/time; the 24-h estimate normalizes observed consumption to 24 hours (consumption × 24 ÷ duration in hours)

Sheet Summary
A1: Statistical summary by treatment
A2: Sample standard deviation (n−1). The 24-h estimates adjust for small differences in trial duration
A4: Treatment | B4: n | C4: Mean observed consumption | D4: SD observed consumption | E4: Mean estimated in 24 h | F4: SD 24-h estimate | G4: Mean duration (h)
A5: S | B5: =COUNTIF(Data!$A$5:$A$16,A5) -> 4 | C5: =AVERAGEIF(Data!$A$5:$A$16,A5,Data!$I$5:$I$16) -> 29 | D5: =STDEV(Data!I5:I8) -> 10.29563 | E5: =AVERAGEIF(Data!$A$5:$A$16,A5,Data!$K$5:$K$16) -> 28.17692 | F5: =STDEV(Data!K5:K8) -> 10.136792 | G5: =AVERAGEIF(Data!$A$5:$A$16,A5,Data!$J$5:$J$16) -> 24.7375
A6: M | B6: =COUNTIF(Data!$A$5:$A$16,A6) -> 4 | C6: =AVERAGEIF(Data!$A$5:$A$16,A6,Data!$I$5:$I$16) -> 29.5 | D6: =STDEV(Data!I9:I12) -> 12.369317 | E6: =AVERAGEIF(Data!$A$5:$A$16,A6,Data!$K$5:$K$16) -> 28.328061 | F6: =STDEV(Data!K9:K12) -> 11.770938 | G6: =AVERAGEIF(Data!$A$5:$A$16,A6,Data!$J$5:$J$16) -> 24.966667
A7: L | B7: =COUNTIF(Data!$A$5:$A$16,A7) -> 4 | C7: =AVERAGEIF(Data!$A$5:$A$16,A7,Data!$I$5:$I$16) -> 46 | D7: =STDEV(Data!I13:I16) -> 7.0710678 | E7: =AVERAGEIF(Data!$A$5:$A$16,A7,Data!$K$5:$K$16) -> 44.617064 | F7: =STDEV(Data!K13:K16) -> 6.9463838 | G7: =AVERAGEIF(Data!$A$5:$A$16,A7,Data!$J$5:$J$16) -> 24.75
A11: Means and standard deviations were calculated across the four replicates in each treatment. For “estimated in 24 h,” each replicate was normalized to a 24-hour periodd

Sheet Planilha1
A1: Estimated prey consumption in 24 hours — by treatment
A3: Treatment S
A4: Rep | B4: 24-h estimate | C4: Treatment mean
A5: =Data!B5 -> S1 | B5: =Data!K5 -> 33.26087 | C5: =Summary!E5 -> 28.17692
A6: =Data!B6 -> S2 | B6: =Data!K6 -> 39.891892 | C6: =Summary!E5 -> 28.17692
A7: =Data!B7 -> S3 | B7: =Data!K7 -> 18.350101 | C7: =Summary!E5 -> 28.17692
A8: =Data!B8 -> S4 | B8: =Data!K8 -> 21.204819 | C8: =Summary!E5 -> 28.17692
A11: Treatment M
A12: Rep | B12: 24-h estimate | C12: Treatment mean
A13: =Data!B9 -> M1 | B13: =Data!K9 -> 18.362416 | C13: =Summary!E6 -> 28.328061
A14: =Data!B10 -> M2 | B14: =Data!K10 -> 44.9701 | C14: =Summary!E6 -> 28.328061
A15: =Data!B11 -> M3 | B15: =Data!K11 -> 22.06529 | C15: =Summary!E6 -> 28.328061
A16: =Data!B12 -> M4 | B16: =Data!K12 -> 27.914439 | C16: =Summary!E6 -> 28.328061
A19: Treatment L
A20: Rep | B20: 24-h estimate | C20: Treatment mean
A21: =Data!B13 -> L1 | B21: =Data!K13 -> 44.486232 | C21: =Summary!E7 -> 44.617064
A22: =Data!B14 -> L2 | B22: =Data!K14 -> 34.83871 | C22: =Summary!E7 -> 44.617064
A23: =Data!B15 -> L3 | B23: =Data!K15 -> 49.454545 | C23: =Summary!E7 -> 44.617064
A24: =Data!B16 -> L4 | B24: =Data!K16 -> 49.688769 | C24: =Summary!E7 -> 44.617064
